-- 创建数据库
CREATE DATABASE IF NOT EXISTS hyrule DEFAULT CHARACTER SET utf8mb4;

USE hyrule;


/*Table structure for table `data_dictionary` */

DROP TABLE IF EXISTS `data_dictionary`;

CREATE TABLE `data_dictionary` (
  `DICTIONARY_ID` int NOT NULL AUTO_INCREMENT,
  `DATA_TYPE` varchar(120) DEFAULT NULL,
  `DATA_NAME` varchar(150) DEFAULT NULL,
  `DATA_VALUE` varchar(1500) DEFAULT NULL,
  `POSITION_NO` int DEFAULT NULL,
  `STATUS` char(3) DEFAULT NULL,
  `COMMENT` varchar(200) DEFAULT NULL,
  PRIMARY KEY (`DICTIONARY_ID`)
) ENGINE=InnoDB AUTO_INCREMENT=371 DEFAULT CHARSET=utf8mb4 COLLATE=utf8mb4_0900_ai_ci;

/*Data for the table `data_dictionary` */

insert  into `data_dictionary`(`DICTIONARY_ID`,`DATA_TYPE`,`DATA_NAME`,`DATA_VALUE`,`POSITION_NO`,`STATUS`,`COMMENT`) values 
(1,'testStatus','未执行','未执行',1,'A',NULL),
(2,'testStatus','通过','通过',2,'A',NULL),
(3,'testStatus','失败','失败',3,'A',NULL),
(4,'testStatus','未完成','未完成',4,'A',NULL),
(9,'testStatus','不适用','不适用',5,'A','测试用例执行状态'),
(10,'runStatus','通过','1',NULL,'A',NULL),
(11,'runStatus','失败','2',NULL,'A',NULL),
(12,'runStatus','未执行','0',NULL,'A',NULL),
(13,'BugSource','1-需求','1',1,'A','bug来源'),
(14,'BugSource','2-设计','2',2,'A','bug来源'),
(15,'BugSource','3-编码','3',3,'A','bug来源'),
(16,'BugSource','4-环境','4',4,'A','bug来源'),
(17,'BugSource','5-数据','5',5,'A','bug来源'),
(18,'BugtestRound','1-第一轮','1',NULL,'A','bug测试轮次'),
(19,'BugtestRound','2-第二轮','2',NULL,'A','bug测试轮次'),
(20,'BugtestRound','3-第三轮','3',NULL,'A','bug测试轮次'),
(21,'BugtestRound','4-自动化测试','4',NULL,'A','bug测试轮次'),
(22,'WeekDay',NULL,'星期一',1,'A','星期几'),
(23,'WeekDay',NULL,'星期二',2,'A','星期几'),
(24,'WeekDay',NULL,'星期三',3,'A','星期几'),
(25,'WeekDay',NULL,'星期四',4,'A','星期几'),
(26,'WeekDay',NULL,'星期五',5,'A','星期几'),
(27,'WeekDay',NULL,'星期六',6,'A','星期几'),
(28,'WeekDay',NULL,'星期日',7,'A','星期几'),
(30,'CloseReason','验证通过','验证通过',NULL,'A','bug关闭原因'),
(31,'CloseReason','不是缺陷','不是缺陷',NULL,'A','bug关闭原因'),
(32,'CloseReason','不处理','不处理',NULL,'A','bug关闭原因'),
(33,'ReviewStatus','未评审','0',NULL,'A',NULL),
(34,'ReviewStatus','已评审','1',NULL,'A',NULL),
(35,'ReviewStatus','评审不通过','2',NULL,'A',NULL),
(38,'variableType','输入变量','0',NULL,'A','变量类型'),
(39,'variableType','引用输出变量','1',NULL,'A','变量类型'),
(40,'MessageType','XML','0',NULL,'A',NULL),
(41,'MessageType','定长报文','1',NULL,'A',NULL),
(42,'TestcaseType','自动化测试','0',1,'A','用例类型'),
(43,'TestcaseType','功能测试','1',0,'A','用例类型'),
(44,'TestcaseType','接口测试','2',2,'A','用例类型'),
(45,'TestcasePrority','高','0',1,'A','用例优先级'),
(46,'TestcasePrority','中','1',2,'A','用例优先级'),
(47,'TestcasePrority','低','2',3,'A','用例优先级'),
(48,'TestcaseProperty','正例','1',1,'A','用例性质'),
(49,'TestcaseProperty','反例','0',2,'A','用例性质'),
(50,'level','高','0',1,'A','需求优先级'),
(51,'level','中','1',2,'A','需求优先级'),
(52,'level','低','2',3,'A','需求优先级'),
(56,'changeStatus','原始','1',1,'A',NULL),
(57,'changeStatus','新增','2',2,'A',NULL),
(58,'changeStatus','修改','3',3,'A',NULL),
(59,'changeStatus','作废','4',4,'A',NULL),
(60,'BugLevel','高','1',NULL,'A','bug优先级'),
(61,'BugLevel','中','2',NULL,'A','bug优先级'),
(62,'BugLevel','低','3',NULL,'A','bug优先级'),
(63,'BugLevelKey','致命','1',NULL,'A','bug严重级别'),
(64,'BugLevelKey','严重','2',NULL,'A','bug严重级别'),
(65,'BugLevelKey','一般','3',NULL,'A','bug严重级别'),
(66,'BugLevelKey','轻微','4',NULL,'A','bug严重级别'),
(67,'BugLevelKey','建议','5',NULL,'A','bug严重级别'),
(68,'ProjectRole','项目经理','ProjectManager',1,'A','项目角色'),
(69,'ProjectRole','开发组长','DevManager',2,'A','项目角色'),
(70,'ProjectRole','测试组长','TestManager',3,'A','项目角色'),
(71,'ProjectRole','开发人员','Dev',4,'A','项目角色'),
(72,'ProjectRole','测试人员','Tester',5,'A','项目角色'),
(73,'Cycle','每周','2',NULL,'A','测试集计划时间周期'),
(74,'Cycle','每月','3',NULL,'A','测试集计划时间周期'),
(75,'sex','男','1',NULL,'A','性别'),
(76,'sex','女','2',NULL,'A','性别'),
(77,'RequireStatus','未执行','6',6,'A',NULL),
(78,'RequireStatus','未覆盖','1',1,'A',NULL),
(79,'RequireStatus','通过','2',2,'A',NULL),
(80,'RequireStatus','未通过','3',3,'A',NULL),
(81,'RequireStatus','未完成','4',4,'A',NULL),
(82,'RequireStatus','作废','5',5,'A',NULL),
(83,'AnalysisType','业务流程','1',1,'A',NULL),
(84,'AnalysisType','业务功能','2',2,'A',NULL),
(85,'AnalysisType','业务要素','3',3,'A',NULL),
(86,'AnalysisType','业务规则','4',4,'A',NULL),
(87,'NoticeType','任务开始提醒','任务开始提醒',1,'A','提醒类型'),
(88,'NoticeType','任务到期提醒','任务到期提醒',2,'A','提醒类型'),
(89,'NoticeType','任务超期提醒','任务超期提醒',3,'A','提醒类型'),
(90,'NoticeType','新增问题处理提醒','新增问题处理提醒',4,'A','提醒类型'),
(91,'NoticeType','问题处理到期提醒','问题处理到期提醒',5,'A','提醒类型'),
(92,'NoticeType','问题处理超期提醒','问题处理超期提醒',6,'A','提醒类型'),
(93,'NoticeType','修复缺陷提醒','修复缺陷提醒',7,'A','提醒类型'),
(94,'NoticeType','验证缺陷提醒','验证缺陷提醒',8,'A','提醒类型'),
(95,'NoticeType','用例执行提醒','用例执行提醒',9,'A','提醒类型'),
(96,'DocumentType','测试文档','1',1,'A','文档类型'),
(97,'DocumentType','需求文档','2',2,'A','文档类型'),
(98,'DocumentType','评审文档','3',3,'A','文档类型'),
(99,'DocumentType','管理文档','4',4,'A','文档类型'),
(100,'DocumentType','培训文档','5',5,'A','文档类型'),
(101,'DocumentType','其他','6',6,'A','文档类型'),
(102,'testStatus','阻塞','阻塞',6,'A','测试用例执行状态'),
(105,'isImplement','否','0',NULL,'A',NULL),
(106,'isImplement','是','1',NULL,'A',NULL),
(110,'BelongSystem','核心','1',1,'A','所属系统'),
(111,'BelongSystem','渠道','2',2,'A','所属系统'),
(112,'BelongSystem','管理','3',3,'A','所属系统'),
(115,'ObjectMethod','WebEdit','verifyPropertyNotNull',NULL,'A',NULL),
(116,'description','verifyPropertyNotNull','验证目标控件相关属性信息不为空   参数：目标对象属性（id,name等）',NULL,'A',NULL),
(117,'isEnable','否','0',1,'A',NULL),
(118,'isEnable','是','1',1,'A',NULL),
(119,'BugSource','6-版本','6',6,'A','bug来源'),
(120,'changeStatus','关闭','5',5,'A','变更标志'),
(121,'TestcaseClass','业务','1',1,'A','用例分类'),
(122,'TestcaseClass','页面要素','2',2,'A','用例分类'),
(123,'TestcaseClass','流程','3',3,'A','用例分类'),
(124,'TestcaseClass','接口','4',4,'A','用例分类'),
(128,'approveType','事假','1',1,'A',NULL),
(129,'approveType','换休','2',2,'A',NULL),
(130,'approveType','补签到/退(CTP)','3',3,'B',NULL),
(131,'approveType','申请加班','4',4,'B',NULL),
(132,'approvalResult','不同意','1',1,'A','审批结果'),
(133,'approvalResult','同意','2',2,'A','审批结果'),
(134,'approveType','补签到/退(指纹机)','5',5,'A',NULL),
(135,'AppSearchCondition','我的申请','2',NULL,'A','审批查询条件'),
(136,'AppSearchCondition','待我审批','3',NULL,'A','审批查询条件'),
(137,'TestcaseType','非功能测试','4',3,'A','用例类型'),
(138,'approveType','病假','6',6,'A',NULL),
(139,'approveType','年假','7',7,'A',NULL),
(140,'approveType','婚假','8',8,'A',NULL),
(141,'approveType','(陪)产假','9',9,'A',NULL),
(142,'batchExecuteStatus','未执行','1',1,'A','批量执行状态'),
(143,'batchExecuteStatus','执行中','2',2,'A','批量执行状态'),
(144,'batchExecuteStatus','已结束','3',3,'A','批量执行状态'),
(145,'testEnvironment','U1','1',1,'A','测试环境'),
(146,'testEnvironment','U2','2',2,'A','测试环境'),
(147,'testEnvironment','U3','3',3,'A','测试环境'),
(148,'testEnvironment','U4','4',4,'A','测试环境'),
(149,'testEnvironment','存款产品','5',5,'A','测试环境'),
(150,'batchPlanStartP','中午','1',1,'A','中午/下午'),
(151,'batchPlanStartP','下午','2',2,'A','中午/下午'),
(152,'notifyStatus','待发布','1',1,'A','批量计划发布状态'),
(153,'notifyStatus','已发布','2',2,'A','批量计划发布状态'),
(154,'batchProblemState','待解决','1',1,'A','批量问题状态'),
(155,'batchProblemState','解决中','2',2,'A','批量问题状态'),
(156,'batchProblemState','已解决','3',3,'A','批量问题状态'),
(157,'batchProblemState','挂起','4',4,'A','批量问题状态'),
(162,'BPSearchCondition','我的未解决问题','1',NULL,'A','批量问题查询条件'),
(163,'BPSearchCondition','我的全部问题','2',NULL,'A','批量问题查询条件'),
(164,'questionType','环境','1',1,'A','风险问题类型'),
(165,'questionType','风险','2',2,'A','风险问题类型'),
(166,'questionType','问题','3',3,'A','风险问题类型'),
(167,'questionType','评审','4',4,'A','风险问题类型'),
(168,'testEnvironment','U5','6',6,'A','测试环境'),
(169,'WKSearchCondition','我交出','1',NULL,'A','工作交接单查询条件'),
(170,'WKSearchCondition','我接入','2',NULL,'A','工作交接单查询条件'),
(171,'ApproveState','暂存草稿','1',1,'A','审批状态'),
(172,'ApproveState','发起审批','2',2,'A','审批状态'),
(173,'ApproveState','审批完成','3',3,'A','审批状态'),
(174,'TestStage','SIT测试阶段','1',1,'A','测试阶段'),
(175,'TestStage','UAT测试阶段','2',2,'A','测试阶段'),
(176,'TestStage','接收测试阶段','3',3,'A','测试阶段'),
(177,'TestStage','试运行阶段','4',4,'A','测试阶段'),
(178,'TestStage','上线优化阶段','5',5,'A','测试阶段'),
(179,'TestStage','非功能测试阶段','6',6,'A','测试阶段'),
(180,'Urgency','紧急','1',1,'A','紧急程度'),
(181,'Urgency','一般','2',2,'A','紧急程度'),
(182,'approveType','公出','10',10,'A','公出'),
(183,'sendTestType','需求文档','1',1,'B',NULL),
(184,'sendTestType','生产缺陷修复','4',4,'A',NULL),
(185,'versionType','增量版本','增量版本',1,'A',NULL),
(186,'versionType','全量版本','全量版本',2,'A',NULL),
(187,'taskProperty','主测系统','主测系统',1,'A',NULL),
(188,'taskProperty','配合改造','配合改造',2,'A',NULL),
(189,'borrowState','暂存草稿','1',1,'A','申请借用状态'),
(190,'borrowState','续借','8',8,'A','申请借用状态'),
(191,'giveOutStatus','已借出','2',2,'A','测试设备用品发放状态'),
(192,'severityLevel','严重','1',1,'A','严重级别'),
(193,'severityLevel','一般','2',2,'A','严重级别'),
(194,'severityLevel','轻微','3',3,'A','严重级别'),
(195,'taskType','项目类','项目类',1,'A','任务类型'),
(196,'taskType','日常类需求开发','日常类需求开发',2,'A','任务类型'),
(197,'sendTestStage','UAT','1',1,'A','送测阶段'),
(198,'sendTestStage','PAT','2',2,'A','送测阶段'),
(199,'sendTestType','兼容性','6',6,'A',NULL),
(200,'compatibiType','安卓机型TOP600深度测试','001',1,'A','兼容性申请类型'),
(201,'compatibiType','IOS机型TOP100深度测试','002',2,'A','兼容性申请类型'),
(202,'compatibiType','安卓自由组合机型测试(20起)','003',3,'A','兼容性申请类型'),
(203,'compatibiType','IOS自由组合机型测试(20起)','004',4,'A','兼容性申请类型'),
(204,'compatibiType','远程控制真机测试','005',5,'A','兼容性申请类型'),
(205,'testEnvironment','U6','7',7,'A','测试环境'),
(206,'scriptType','非功能脚本','1',1,'A','脚本类型'),
(207,'scriptType','自动化脚本','2',2,'A','脚本类型'),
(208,'isRunScript','未执行','1',1,'A','是否完成脚本执行'),
(209,'isRunScript','已执行','2',2,'A','是否完成脚本执行'),
(210,'isChangeBySource','未变动','1',1,'A','用例源是否变动'),
(211,'isChangeBySource','有变动','2',2,'A','用例源是否变动'),
(212,'isRelateScript','未编写','1',1,'A','是否完成脚本编写'),
(213,'isRelateScript','已编写','2',2,'A','是否完成脚本编写'),
(214,'roundType','SIT','1',1,'A','SIT'),
(215,'roundType','冒烟','2',2,'A','冒烟'),
(216,'roundType','UAT','3',3,'A','UAT'),
(217,'roundType','迁移','4',4,'A','迁移'),
(218,'roundType','接收','5',5,'A','接收'),
(219,'roundType','非功能','6',6,'A','非功能'),
(220,'roundType','自动化','7',7,'A','自动化'),
(221,'deployEnv','UAT1','UAT1',1,'A',NULL),
(222,'deployEnv','UAT2','UAT2',2,'A',NULL),
(223,'deployEnv','UAT3','UAT3',3,'A',NULL),
(224,'deployEnv','UAT4','UAT4',4,'A',NULL),
(225,'deployEnv','UAT5','UAT5',5,'A',NULL),
(226,'deployEnv','UAT6','UAT6',6,'A',NULL),
(227,'deployEnv','UAT7','UAT7',7,'A',NULL),
(228,'deployEnv','UAT8','UAT8',8,'A',NULL),
(229,'deployEnv','UAT9','UAT9',9,'A',NULL),
(230,'deployEnv','电票环境','电票环境',10,'A',NULL),
(231,'deployEnv','存款产品','存款产品',11,'A',NULL),
(232,'deployEnv','秦农信贷跟账环境','秦农信贷跟账环境',12,'A',NULL),
(233,'sendTestStage','SIT','3',3,'A','送测阶段'),
(234,'sendTestStage','组件/接口','4',4,'B','送测阶段'),
(235,'roundType','单元','8',8,'A','组件测试'),
(236,'roundType','开发联调','9',9,'A','开发联调测试'),
(237,'roundType','联调验收','11',11,'A','联调验收测试'),
(238,'roundType','PAT','12',12,'A','PAT测试'),
(239,'deployEnv','本项目SIT测试自用环境','本项目SIT测试自用环境',13,'A',NULL),
(240,'scriptType','接口脚本','3',3,'A','脚本类型'),
(241,'sendTestType','新送测','7',7,'A',NULL),
(242,'sendTestType','新送测(配合)','7-1',8,'B',NULL),
(243,'deployEnv','本项目UAT测试自用环境','本项目UAT测试自用环境',14,'A',NULL),
(244,'testEnvironment','U7','8',8,'A','测试环境'),
(245,'testEnvironment','U8','9',9,'A','测试环境'),
(246,'BugSource','7-设备','7',7,'A','bug来源'),
(247,'deployEnv','本项目非功能测试环境','本项目非功能测试环境',15,'A',NULL),
(248,'testEnvironment','U9','10',10,'A','测试环境'),
(249,'sendTestType','修复缺陷送测','8',9,'A',NULL),
(250,'sendTestType','修复缺陷送测(配合)','8-1',10,'B',NULL),
(251,'testEnvironment','电票','11',11,'A','测试环境'),
(252,'deployEnv','SIT/UAT-XC','SIT/UAT-XC',16,'A',NULL),
(253,'deployEnv','PAT-XC','PAT-XC',17,'A',NULL),
(254,'deployEnv','开发联调环境','开发联调环境',18,'A',NULL),
(255,'searchCondition','当前项目所有缺陷','1',NULL,'A','缺陷查询条件'),
(256,'searchCondition','活动的缺陷','2',NULL,'A','缺陷查询条件'),
(257,'searchCondition','和我相关的活动缺陷','3',NULL,'A','缺陷查询条件'),
(258,'searchCondition','开发所有项目下活动缺陷','4',NULL,'A','缺陷查询条件'),
(259,'searchCondition','二次及以上修复','5',NULL,'A','缺陷查询条件'),
(260,'searchCondition','三次及以上修复','6',NULL,'A','缺陷查询条件'),
(261,'searchCondition','二次及以上提交','7',NULL,'A','缺陷查询条件'),
(262,'requirePointType','自动化测试','0',1,'A','需求点类型'),
(263,'requirePointType','功能测试','1',0,'A','需求点类型'),
(264,'requirePointType','接口测试','2',2,'A','需求点类型'),
(265,'requirePointType','非功能测试','4',3,'A','需求点类型'),
(266,'NoFunctionClass','性能','perf',1,'A','非功能类别'),
(267,'NoFunctionClass','批量','bat',2,'A','非功能类别'),
(268,'NoFunctionClass','高可用','ha',3,'A','非功能类别'),
(269,'NoFunctionClass','功能验证','func',4,'A','非功能类别'),
(270,'NoFunctionClass','其他','oth',5,'A','非功能类别'),
(271,'Scene','单交易基准测试','single-base',1,'A','非功能场景'),
(272,'Scene','单交易负载测试','single-load',2,'A','非功能场景'),
(273,'Scene','混合容量测试','mixed-capacity',3,'A','非功能场景'),
(274,'Scene','稳定性测试','stability',4,'A','非功能场景'),
(275,'Scene','扩展性测试','extensibility',5,'A','非功能场景'),
(276,'Scene','秒杀测试','sec-killing',6,'A','非功能场景'),
(277,'Scene','日间','day-middle',7,'A','非功能场景'),
(278,'Scene','日终','day-end',8,'A','非功能场景'),
(279,'Scene','结息日','ex-date',9,'A','非功能场景'),
(280,'Scene','服务正常启停','app-stop',10,'A','非功能场景'),
(281,'Scene','服务异常启停','app-kill',11,'A','非功能场景'),
(282,'Scene','主机启停','reboot',12,'A','非功能场景'),
(283,'Scene','破坏性测试','all-down',13,'A','非功能场景'),
(284,'Scene','浪涌测试','surge',14,'A','非功能场景'),
(285,'Scene','流控测试','rate-limit',15,'A','非功能场景'),
(286,'Scene','优先级测试','pri',16,'A','非功能场景'),
(287,'Scene','负载均衡测试','load-bal',17,'A','非功能场景'),
(288,'Scene','其他','other',18,'A','非功能场景'),
(289,'giveOutStatus','未发放','1',1,'A','测试设备用品发放状态'),
(290,'BugType','常识类','常识类',1,'A','缺陷类型'),
(291,'BugType','功能类错误','功能类错误',2,'A','缺陷类型'),
(292,'BugType','建议类(用户体验)','建议类(用户体验)',3,'A','缺陷类型'),
(293,'BugType','界面类错误','界面类错误',4,'A','缺陷类型'),
(294,'BugType','数据处理类错误','数据处理类错误',5,'A','缺陷类型'),
(295,'BugType','提示类错误','提示类错误',6,'A','缺陷类型'),
(296,'BugType','性能问题','性能问题',7,'A','缺陷类型'),
(297,'BugType','高可用问题','高可用问题',8,'A','缺陷类型'),
(298,'BugType','资源问题','资源问题',9,'A','缺陷类型'),
(299,'BugType','其他','其他',10,'A','缺陷类型'),
(300,'testReportType','功能测试简报','1',1,'A',NULL),
(301,'testReportType','非功能测试简报','3',3,'A',NULL),
(302,'testReportType','测试阶段报告','2',2,'A',NULL),
(303,'testType','自动化测试','自动化测试',5,'A',NULL),
(304,'testType','性能测试','性能测试',4,'A',NULL),
(305,'testType','专项测试','专项测试',3,'A',NULL),
(306,'testType','探索测试','探索测试',2,'A',NULL),
(307,'testType','功能测试','功能测试',1,'A',NULL),
(308,'roundEnv','开发联调环境','开发联调环境',18,'A','测试轮次环境'),
(309,'roundEnv','PAT-XC','PAT-XC',17,'A','测试轮次环境'),
(310,'roundEnv','SIT/UAT-XC','SIT/UAT-XC',16,'A','测试轮次环境'),
(311,'roundEnv','本项目非功能测试环境','本项目非功能测试环境',15,'A','测试轮次环境'),
(312,'roundEnv','本项目UAT测试自用环境','本项目UAT测试自用环境',14,'A','测试轮次环境'),
(313,'roundEnv','本项目SIT测试自用环境','本项目SIT测试自用环境',13,'A','测试轮次环境'),
(314,'roundEnv','秦农信贷跟账环境','秦农信贷跟账环境',12,'A','测试轮次环境'),
(315,'roundEnv','存款产品','存款产品',11,'A','测试轮次环境'),
(316,'roundEnv','电票环境','电票环境',10,'A','测试轮次环境'),
(317,'roundEnv','U9','U9',9,'A','测试轮次环境'),
(318,'roundEnv','U8','U8',8,'A','测试轮次环境'),
(319,'roundEnv','U7','U7',7,'A','测试轮次环境'),
(320,'roundEnv','U6','U6',6,'A','测试轮次环境'),
(321,'roundEnv','U5','U5',5,'A','测试轮次环境'),
(322,'roundEnv','U4','U4',4,'A','测试轮次环境'),
(323,'roundEnv','U3','U3',3,'A','测试轮次环境'),
(324,'roundEnv','U2','U2',2,'A','测试轮次环境'),
(325,'roundEnv','U1','U1',1,'A','测试轮次环境'),
(326,'workPackageRoundStatus','已终止','Stop',4,'A','轮次状态'),
(327,'workPackageRoundStatus','已完成','Finish',3,'A','轮次状态'),
(328,'workPackageRoundStatus','执行中','Executing',2,'A','轮次状态'),
(329,'workPackageRoundStatus','未开始','NotStart',1,'A','轮次状态'),
(330,'delayType','其他','9',6,'A',NULL),
(331,'delayType','版本问题','5',5,'A',NULL),
(332,'delayType','环境问题','4',4,'A',NULL),
(333,'delayType','优先级调整','3',3,'A',NULL),
(334,'delayType','缺陷阻塞','2',2,'A',NULL),
(335,'delayType','需求不明确','1',1,'A',NULL),
(336,'WorkPackageState','部分上线','OnlinePart',10,'A','工作包状态'),
(337,'WorkPackageState','部分完成','FinishPart',9,'A','工作包状态'),
(338,'WorkPackageState','已终止','Stop',8,'A','工作包状态'),
(339,'WorkPackageState','已上线','Online',7,'A','工作包状态'),
(340,'WorkPackageState','已暂停','Pause',6,'A','工作包状态'),
(341,'WorkPackageState','已完成','Finish',5,'A','工作包状态'),
(342,'WorkPackageState','执行中','Executing',4,'A','工作包状态'),
(343,'WorkPackageState','设计中','Design',3,'A','工作包状态'),
(344,'WorkPackageState','未开始','NotStart',2,'A','工作包状态'),
(345,'WorkPackagePriority','重要','3',3,'A','工作包优先级'),
(346,'WorkPackagePriority','紧急','2',2,'A','工作包优先级'),
(347,'WorkPackagePriority','紧急重要','1',1,'A','工作包优先级'),
(348,'WorkPackageLevel','子','2',2,'A','工作包层级'),
(349,'WorkPackageLevel','主','1',1,'A','工作包层级'),
(350,'roundStage','SIT','SIT',1,'A','测试阶段'),
(351,'roundStage','UAT','UAT',2,'A','测试阶段'),
(352,'roundStage','PAT','PAT',3,'A','测试阶段'),
(353,'roundStage','组件测试','组件测试',4,'A','测试阶段'),
(354,'roundStage','冒烟','冒烟',5,'A','测试阶段'),
(355,'bugSearchCondition','一年内的缺陷','8',NULL,'A','缺陷查询条件'),
(356,'testType','自动化测试','自动化测试',5,'A',NULL),
(357,'testType','性能测试','性能测试',4,'A',NULL),
(358,'testType','专项测试','专项测试',3,'A',NULL),
(359,'testType','探索测试','探索测试',2,'A',NULL),
(360,'testType','功能测试','功能测试',1,'A',NULL),
(361,'WorkPackagePriority','一般','4',4,'A','工作包优先级'),
(362,'systemStage','1-准备阶段','1',1,'A','系统阶段'),
(363,'systemStage','2-实施阶段','2',2,'A','系统阶段'),
(364,'systemStage','3-收尾阶段','3',3,'A','系统阶段'),
(365,'systemStage','5-结束','5',5,'A','系统阶段'),
(366,'systemStage','4-维护阶段','4',4,'A','系统阶段'),
(367,'isUse','未使用','0',1,'A','使用状态'),
(368,'isUse','使用中','1',2,'A','使用状态'),
(369,'systemType','初测','1',1,'A','系统类型'),
(370,'systemType','优化','2',2,'A','系统类型');

/*Table structure for table `t_sys_counter` */

DROP TABLE IF EXISTS `t_sys_counter`;

CREATE TABLE `t_sys_counter` (
  `COUNTER_ID` int NOT NULL AUTO_INCREMENT,
  `COUNTER_NAME` varchar(384) DEFAULT NULL,
  `CURRENT_NUMBER` int DEFAULT NULL,
  `PREFIX` varchar(30) DEFAULT NULL,
  `COUNTER_LENGTH` tinyint DEFAULT NULL,
  PRIMARY KEY (`COUNTER_ID`)
) ENGINE=InnoDB AUTO_INCREMENT=27 DEFAULT CHARSET=utf8mb4 COLLATE=utf8mb4_0900_ai_ci;

/*Data for the table `t_sys_counter` */

insert  into `t_sys_counter`(`COUNTER_ID`,`COUNTER_NAME`,`CURRENT_NUMBER`,`PREFIX`,`COUNTER_LENGTH`) values 
(1,'sysCode',2,'sys-',3),
(2,'requireCode',0,'req',5),
(3,'testcaseCode',0,'tc',5),
(4,'bugCode',0,'bug',6);

/*Table structure for table `t_sys_menu` */

DROP TABLE IF EXISTS `t_sys_menu`;

CREATE TABLE `t_sys_menu` (
  `MENU_ID` int NOT NULL AUTO_INCREMENT,
  `COMPONENT` varchar(100) DEFAULT NULL,
  `PATH` varchar(100) DEFAULT NULL,
  `REDIRECT` varchar(100) DEFAULT NULL,
  `NAME` varchar(100) DEFAULT NULL,
  `TITLE` varchar(100) DEFAULT NULL,
  `ICON` varchar(100) DEFAULT NULL,
  `PARENT_ID` int DEFAULT NULL,
  `IS_LEAF` varchar(1) DEFAULT NULL,
  `HIDDEN` tinyint(1) DEFAULT NULL,
  PRIMARY KEY (`MENU_ID`)
) ENGINE=InnoDB AUTO_INCREMENT=30 DEFAULT CHARSET=utf8mb4 COLLATE=utf8mb4_0900_ai_ci;

/*Data for the table `t_sys_menu` */

insert  into `t_sys_menu`(`MENU_ID`,`COMPONENT`,`PATH`,`REDIRECT`,`NAME`,`TITLE`,`ICON`,`PARENT_ID`,`IS_LEAF`,`HIDDEN`) values 
(1,'Layout','/sys',NULL,'sysManage','系统管理','sys',NULL,'0',0),
(2,'/sys/user','user',NULL,'user','用户管理','userManage',1,'1',0),
(3,'/sys/role','role',NULL,'role','角色管理','roleManage',1,'1',0),
(4,'Layout','/test',NULL,'test','测试模块','testModule',NULL,'0',0),
(5,'/test/baseManage/index','baseManage',NULL,'baseManage','基础管理','baseManage',4,'0',0),
(6,'/test/baseManage/testSystem','testSystem',NULL,'testSystem','测试系统维护','testSystem',5,'1',0),
(7,'/test/baseManage/testSystemMember','testSystemMember',NULL,'testSystemMember','系统成员维护','testSystemMember',5,'1',0),
(8,'Layout','/example','/example/table','Example','Example','el-icon-s-help',NULL,'0',0),
(9,'/example/table','table',NULL,'Table','Table','table',8,'1',0),
(10,'/example/tree','tree',NULL,'Tree','Tree','tree',8,'1',0),
(11,'Layout','/form',NULL,NULL,'Form','form',NULL,'0',0),
(12,'/form/index','index',NULL,'Form','Form','form',11,'1',0),
(13,'Layout','/nested','/nested/menu1','Nested','Nested','nested',NULL,'0',0),
(14,'/nested/menu1/index','menu1',NULL,'Menu1','Menu1',NULL,13,'0',0),
(15,'/nested/menu1/menu1-1','menu1-1',NULL,'Menu1-1','Menu1-1',NULL,14,'1',0),
(16,'/nested/menu1/menu1-2','menu1-2',NULL,'Menu1-2','Menu1-2',NULL,14,'0',0),
(17,'/nested/menu1/menu1-2/menu1-2-1','menu1-2-1',NULL,'Menu1-2-1','Menu1-2-1',NULL,16,'1',0),
(18,'/nested/menu1/menu1-2/menu1-2-2','menu1-2-2',NULL,'Menu1-2-2','Menu1-2-2',NULL,16,'1',0),
(19,'/nested/menu1/menu1-3','menu1-3',NULL,'Menu1-3','Menu1-3',NULL,14,'1',0),
(20,'/nested/menu2/index','menu2',NULL,'Menu2','menu2',NULL,13,'1',0),
(21,'Layout','external-link',NULL,NULL,'External Link','link',NULL,'0',0),
(22,NULL,'https://panjiachen.github.io/vue-element-admin-site/#/',NULL,NULL,'External Link','link',21,'1',0),
(23,'/sys/menu','menu',NULL,'menu','菜单管理','menuManage',1,'1',0),
(26,'/sys/org','/org',NULL,'org','机构管理','orgManage',1,'1',0),
(29,'/test/baseManage/testDirectory','testDirectory',NULL,'testDirectory','测试目录维护','testDirectory',5,'1',NULL);

/*Table structure for table `t_sys_org` */

DROP TABLE IF EXISTS `t_sys_org`;

CREATE TABLE `t_sys_org` (
  `ORG_ID` varchar(32) NOT NULL COMMENT '机构ID ',
  `ORG_NAME` varchar(100) NOT NULL COMMENT '机构名称 ',
  `PARENT_ORG_ID` varchar(32) DEFAULT NULL COMMENT '上级机构ID ',
  `ORG_LEVEL` decimal(1,0) NOT NULL COMMENT '机构级次 ',
  `SORT_NO` decimal(4,0) NOT NULL COMMENT '排序号 ',
  `ORG_STATUS` char(1) DEFAULT NULL COMMENT '机构状态 ',
  `REMARK` varchar(400) DEFAULT NULL COMMENT '备注 ',
  PRIMARY KEY (`ORG_ID`)
) ENGINE=InnoDB DEFAULT CHARSET=utf8mb4 COLLATE=utf8mb4_0900_ai_ci;

/*Data for the table `t_sys_org` */

insert  into `t_sys_org`(`ORG_ID`,`ORG_NAME`,`PARENT_ORG_ID`,`ORG_LEVEL`,`SORT_NO`,`ORG_STATUS`,`REMARK`) values 
('1000','汉东农信','',1,1,'A',''),
('100001','科技部','1000',2,1,'A',''),
('10000101','开发一科','100001',3,1,'A',''),
('10000102','开发二科','100001',3,2,'A',''),
('10000103','测试科','100001',3,3,'A',''),
('100002','信贷管理部','1000',2,2,'A',''),
('100003','会计结算部','1000',2,3,'A',''),
('100004','电子银行部','1000',2,4,'A',''),
('2000','京州银行','',1,2,'A',''),
('200001','京州借调人员','2000',2,2,'A',''),
('200002','京州科技','2000',2,2,'A',''),
('3000','外包公司','',1,3,'A',''),
('300001','神州数码','3000',2,1,'A',''),
('300002','至恒融兴','3000',2,2,'A',''),
('300003','赞同科技','3000',2,3,'A',''),
('300004','中油瑞飞','3000',2,4,'A',''),
('300005','中电金信','3000',2,5,'A',''),
('300006','东华软件','3000',2,6,'A',''),
('300007','安硕信息','3000',2,7,'A',''),
('300008','银信博荣','3000',2,8,'A',''),
('300009','法本信息','3000',2,9,'A',''),
('300010','融信易安','3000',2,10,'A',''),
('300011','润天远景','3000',2,11,'A',''),
('300012','元年科技','3000',2,12,'A',''),
('300013','易丰远景','3000',2,13,'A',''),
('300014','北京银丰','3000',2,14,'A',''),
('300015','银港科技','3000',2,15,'A',''),
('300016','数字天堂','3000',2,16,'A',''),
('300017','北京联银通','3000',2,17,'A',''),
('300018','宇信科技','3000',2,18,'A',''),
('300019','新希望金科','3000',2,19,'A',''),
('300020','北京得安','3000',2,20,'A',''),
('300021','普元信息','3000',2,21,'A',''),
('300022','上海屹通','3000',2,22,'A',''),
('300023','明宇未来','3000',2,23,'A',''),
('300024','信雅达','3000',2,24,'A',''),
('300025','高伟达','3000',2,25,'A',''),
('300026','恒生电子','3000',2,26,'A',''),
('300027','用友金融','3000',2,27,'A',''),
('300028','华软金科','3000',2,28,'A',''),
('300029','启明星辰','3000',2,29,'A',''),
('300030','梦网科技','3000',2,30,'A',''),
('300031','云从科技','3000',2,31,'A',''),
('300032','科蓝软件','3000',2,32,'A',''),
('300033','捷点科技','3000',2,33,'A',''),
('300034','先进数通','3000',2,34,'A',''),
('300035','紫宸公司','3000',2,35,'A',''),
('300036','明略数据','3000',2,36,'A',''),
('300037','广州天维','3000',2,37,'A',''),
('300038','远眺科技','3000',2,38,'A',''),
('300039','江苏国光','3000',2,39,'A',''),
('300040','雁联计算','3000',2,40,'A',''),
('300041','华毅软件','3000',2,41,'A',''),
('300042','杭州衡泰','3000',2,42,'A',''),
('300043','新华三','3000',2,43,'A',''),
('300044','京北方','3000',2,44,'A',''),
('300045','明朝万达','3000',2,45,'A',''),
('300046','银之杰','3000',2,46,'A',''),
('300047','北京明略','3000',2,47,'A',''),
('300048','融嘉合创','3000',2,48,'A',''),
('300049','卓越耐特','3000',2,49,'A',''),
('300050','骏敏科技','3000',2,50,'A',''),
('300051','壹肆零伍','3000',2,51,'A',''),
('300052','中税汇金','3000',2,52,'A',''),
('300053','西安南天','3000',2,53,'A',''),
('300054','中投恒升','3000',2,54,'A',''),
('300055','西安布瑞','3000',2,55,'A',''),
('300056','博思软件','3000',2,56,'A',''),
('300057','兆尹科技','3000',2,57,'A',''),
('300058','浙江邦盛','3000',2,58,'A',''),
('300059','博彦科技','3000',2,59,'A',''),
('300060','北京罗格','3000',2,60,'A',''),
('300061','上海天正','3000',2,61,'A',''),
('300062','西安远眺','3000',2,62,'A',''),
('300063','北京丁甲','3000',2,63,'A',''),
('300064','西安凤鸣','3000',2,64,'A',''),
('300065','昆仑数智','3000',2,65,'A',''),
('300066','北京必示','3000',2,66,'A',''),
('300067','长亮科技','3000',2,67,'A',''),
('300068','百度网讯','3000',2,68,'A',''),
('300069','金信润天','3000',2,69,'A',''),
('300070','金智维','3000',2,70,'A',''),
('300071','中科软件','3000',2,71,'A',''),
('300072','迪思杰','3000',2,72,'A',''),
('300073','丁甲数据','3000',2,73,'A',''),
('300074','泛鹏天地','3000',2,74,'A','');

/*Table structure for table `t_sys_role` */

DROP TABLE IF EXISTS `t_sys_role`;

CREATE TABLE `t_sys_role` (
  `ROLE_ID` varchar(32) NOT NULL COMMENT '角色ID ',
  `ROLE_NAME` varchar(100) NOT NULL COMMENT '角色名称 ',
  `SORT_NO` decimal(4,0) NOT NULL COMMENT '排序号 ',
  `REMARK` varchar(400) DEFAULT NULL COMMENT '备注 ',
  PRIMARY KEY (`ROLE_ID`)
) ENGINE=InnoDB DEFAULT CHARSET=utf8mb4 COLLATE=utf8mb4_0900_ai_ci;

/*Data for the table `t_sys_role` */

insert  into `t_sys_role`(`ROLE_ID`,`ROLE_NAME`,`SORT_NO`,`REMARK`) values 
('0001','开发人员',1,'开发人员使用'),
('0002','测试人员',2,'测试人员使用'),
('0003','配置人员',3,'配置人员使用'),
('0004','环境管理人员',4,'环境管理人员使用'),
('0007','管理角色',7,'系统管理');

/*Table structure for table `t_sys_role_menu` */

DROP TABLE IF EXISTS `t_sys_role_menu`;

CREATE TABLE `t_sys_role_menu` (
  `ID` int NOT NULL AUTO_INCREMENT,
  `ROLE_ID` varchar(32) DEFAULT NULL,
  `MENU_ID` int DEFAULT NULL,
  PRIMARY KEY (`ID`)
) ENGINE=InnoDB AUTO_INCREMENT=270 DEFAULT CHARSET=utf8mb4 COLLATE=utf8mb4_0900_ai_ci;

/*Data for the table `t_sys_role_menu` */

insert  into `t_sys_role_menu`(`ID`,`ROLE_ID`,`MENU_ID`) values 
(117,'0002',8),
(118,'0002',9),
(119,'0002',10),
(120,'0002',13),
(121,'0002',14),
(122,'0002',15),
(123,'0002',16),
(124,'0002',17),
(125,'0002',18),
(126,'0002',19),
(127,'0002',20),
(128,'0002',4),
(247,'0001',1),
(248,'0001',2),
(249,'0001',3),
(250,'0001',23),
(251,'0001',26),
(252,'0001',4),
(253,'0001',5),
(254,'0001',7),
(255,'0001',8),
(256,'0001',9),
(257,'0001',10),
(258,'0001',11),
(259,'0001',12),
(260,'0001',13),
(261,'0001',14),
(262,'0001',15),
(263,'0001',16),
(264,'0001',17),
(265,'0001',18),
(266,'0001',19),
(267,'0001',20),
(268,'0001',21),
(269,'0001',22);

/*Table structure for table `t_sys_role_user` */

DROP TABLE IF EXISTS `t_sys_role_user`;

CREATE TABLE `t_sys_role_user` (
  `ID` int NOT NULL AUTO_INCREMENT COMMENT 'UUID ',
  `ROLE_ID` varchar(32) NOT NULL COMMENT '角色ID ',
  `USER_ID` varchar(32) NOT NULL COMMENT '用户ID ',
  PRIMARY KEY (`ID`),
  KEY `I_t_sys_role_user_ROLE_ID` (`ROLE_ID`),
  KEY `I_t_sys_role_user_USER_ID` (`USER_ID`)
) ENGINE=InnoDB AUTO_INCREMENT=21 DEFAULT CHARSET=utf8mb4 COLLATE=utf8mb4_0900_ai_ci;

/*Data for the table `t_sys_role_user` */

insert  into `t_sys_role_user`(`ID`,`ROLE_ID`,`USER_ID`) values 
(1,'0001','2'),
(2,'0002','lili'),
(4,'0002','2'),
(6,'0001','fengyu'),
(7,'0002','anqi'),
(8,'0001','3'),
(9,'0001','4'),
(10,'0001','5'),
(11,'0002','6'),
(12,'0007','admin'),
(13,'0001','libo'),
(14,'0001','baiyang'),
(15,'0002','jianghe'),
(16,'0002','chenchen'),
(17,'0002','caojie'),
(18,'0001','liqi'),
(20,'0003','yanke');

/*Table structure for table `t_sys_user` */

DROP TABLE IF EXISTS `t_sys_user`;

CREATE TABLE `t_sys_user` (
  `USER_ID` varchar(32) NOT NULL,
  `LOGIN_NAME` varchar(30) CHARACTER SET utf8mb3 COLLATE utf8mb3_general_ci NOT NULL,
  `PASSWORD` varchar(100) CHARACTER SET utf8mb3 COLLATE utf8mb3_general_ci NOT NULL,
  `USER_NAME` varchar(50) CHARACTER SET utf8mb3 COLLATE utf8mb3_general_ci NOT NULL,
  `EMAIL` varchar(50) CHARACTER SET utf8mb3 COLLATE utf8mb3_general_ci DEFAULT NULL,
  `PHONE` varchar(20) CHARACTER SET utf8mb3 COLLATE utf8mb3_general_ci DEFAULT NULL,
  `STATUS` int NOT NULL COMMENT '用户状态',
  `ORG_ID` varchar(30) DEFAULT NULL COMMENT '所属机构',
  `SORT_NO` decimal(8,0) NOT NULL COMMENT '排序号',
  PRIMARY KEY (`USER_ID`)
) ENGINE=InnoDB DEFAULT CHARSET=utf8mb4 COLLATE=utf8mb4_0900_ai_ci;

/*Data for the table `t_sys_user` */

insert  into `t_sys_user`(`USER_ID`,`LOGIN_NAME`,`PASSWORD`,`USER_NAME`,`EMAIL`,`PHONE`,`STATUS`,`ORG_ID`,`SORT_NO`) values 
('2','zhangsan','e10adc3949ba59abbe56e057f20f883e','张三','zhangsan@gmail.com','13966667777',1,'300012',0),
('3','lisi','e10adc3949ba59abbe56e057f20f883e','李四','lisi@gmail.com','13966667778',1,'300005',0),
('4','wangwu','e10adc3949ba59abbe56e057f20f883e','王五','wangwu@gmail.com','13966667772',1,'300005',0),
('5','zhaoer','e10adc3949ba59abbe56e057f20f883e','赵二','zhaoer@gmail.com','13966667776',0,'300005',0),
('6','songliu','123456','宋六','songliu@gmail.com','13966667771',1,'300005',0),
('admin','admin','e10adc3949ba59abbe56e057f20f883e','超级管理员','super@aliyun.com','18677778888',1,'300002',0),
('anqi','anqi','e10adc3949ba59abbe56e057f20f883e','安琪','','15129872940',1,'300002',20250913),
('baiyang','baiyang','e10adc3949ba59abbe56e057f20f883e','白洋','','13609231828',1,'300002',0),
('caojie','caojie','e10adc3949ba59abbe56e057f20f883e','曹洁','','17829871871',1,'300002',0),
('chenchen','chenchen','e10adc3949ba59abbe56e057f20f883e','陈晨','','15129231991',1,'300002',0),
('fengyu','fengyu','e10adc3949ba59abbe56e057f20f883e','冯雨','','15852908997',1,'300002',20250914),
('jianghe','jianghe','e10adc3949ba59abbe56e057f20f883e','江荷','','13259798230',1,'300002',0),
('libo','libo','e10adc3949ba59abbe56e057f20f883e','李波','','13227789228',1,'300009',0),
('lili','lili','e10adc3949ba59abbe56e057f20f883e','李莉','lili123@189.com','18765342789',1,'300009',20250906),
('liqi','liqi','e10adc3949ba59abbe56e057f20f883e','李奇','','18700893077',1,'300009',0),
('yanke','yanke','e10adc3949ba59abbe56e057f20f883e','严科','yanke920618@163.com','16890234789',1,'300009',0);

/*Table structure for table `t_test_directory` */

DROP TABLE IF EXISTS `t_test_directory`;

CREATE TABLE `t_test_directory` (
  `DIRECTORY_ID` varchar(32) DEFAULT NULL,
  `DIRECTORY_NAME` varchar(100) DEFAULT NULL,
  `DIRECTORY_PARENTID` varchar(32) DEFAULT NULL,
  `LEVEL` int DEFAULT NULL,
  `FULLPATH` varchar(300) DEFAULT NULL,
  `SYSTEM_ID` varchar(32) NOT NULL,
  `FIRST_PATH` varchar(100) DEFAULT NULL,
  `SECOND_PATH` varchar(100) DEFAULT NULL,
  `THIRD_PATH` varchar(100) DEFAULT NULL,
  `IS_USE_TESTCASE` varchar(1) CHARACTER SET utf8mb4 COLLATE utf8mb4_0900_ai_ci DEFAULT '1' COMMENT '用例库是否使用:0-不使用;1-使用;',
  `IS_USE_TESTSET` varchar(1) DEFAULT '1' COMMENT '测试集是否使用:0-不使用;1-使用;',
  `DIRECTORY_TYPE` varchar(20) CHARACTER SET utf8mb4 COLLATE utf8mb4_0900_ai_ci DEFAULT NULL COMMENT '目录类型',
  `RELATE_ID` varchar(32) DEFAULT NULL COMMENT '关联ID',
  `CREATE_TIME` datetime DEFAULT NULL COMMENT '创建时间',
  UNIQUE KEY `PK_TF_DIRECTORY` (`DIRECTORY_ID`),
  KEY `I_SYSTEM_ID` (`SYSTEM_ID`)
) ENGINE=InnoDB DEFAULT CHARSET=utf8mb4 COLLATE=utf8mb4_0900_ai_ci;

/*Data for the table `t_test_directory` */

insert  into `t_test_directory`(`DIRECTORY_ID`,`DIRECTORY_NAME`,`DIRECTORY_PARENTID`,`LEVEL`,`FULLPATH`,`SYSTEM_ID`,`FIRST_PATH`,`SECOND_PATH`,`THIRD_PATH`,`IS_USE_TESTCASE`,`IS_USE_TESTSET`,`DIRECTORY_TYPE`,`RELATE_ID`,`CREATE_TIME`) values 
('66397904f882488b8b860a0b403dd235','系统集成测试SIT','sys-002',1,'系统集成测试SIT','sys-002','系统集成测试SIT',NULL,NULL,'1','1','',NULL,'2025-09-17 18:49:10'),
('253cec943415413ab2c856679e3fa97c','SIT功能测试','sys-001',1,'SIT功能测试','sys-001','SIT功能测试',NULL,NULL,'1','1','',NULL,'2025-09-17 23:00:04'),
('b290821927c44f74a1b0bdc99263ac9c','第1轮','66397904f882488b8b860a0b403dd235',2,'系统集成测试SIT/第1轮','sys-002','系统集成测试SIT','第1轮',NULL,'1','0','',NULL,'2025-09-18 09:08:37'),
('0466b92756264b40bf69571ff96ea0d1','第2轮','66397904f882488b8b860a0b403dd235',2,'系统集成测试SIT/第2轮','sys-002','系统集成测试SIT','第2轮',NULL,'1','0','',NULL,'2025-09-18 09:59:08'),
('96230bd5b6d34c5ba78f26239b365faf','用户中心及财务管理优化','0466b92756264b40bf69571ff96ea0d1',3,'系统集成测试SIT/第2轮/用户中心及财务管理优化','sys-002','系统集成测试SIT','第2轮','用户中心及财务管理优化','1','1','',NULL,'2025-09-18 10:04:58'),
('709410b526ce46aba648b42213a2ff25','E终端远程银行协议优化','b290821927c44f74a1b0bdc99263ac9c',3,'系统集成测试SIT/第1轮/E终端远程银行协议优化','sys-002','系统集成测试SIT','第1轮','E终端远程银行协议优化','1','1','',NULL,'2025-09-18 17:40:00');

/*Table structure for table `t_test_system` */

DROP TABLE IF EXISTS `t_test_system`;

CREATE TABLE `t_test_system` (
  `SYSTEM_ID` varchar(32) NOT NULL COMMENT '测试系统ID',
  `SYSTEM_NAME` varchar(200) DEFAULT NULL COMMENT '测试系统名称',
  `ORG_ID` varchar(32) DEFAULT NULL COMMENT '负责的机构',
  `SYSTEM_TYPE` varchar(10) DEFAULT NULL COMMENT '系统类型：1、初测; 2、优化',
  `SYSTEM_STAGE` varchar(32) DEFAULT NULL COMMENT '系统阶段:1、准备阶段;2、实施阶段;3、收尾阶段;',
  `IS_USE` varchar(1) DEFAULT NULL COMMENT '是否在使用:0是不使用;1是在使用;',
  `SYSTEM_DESCRIPTION` text COMMENT '系统描述',
  `CREATOR_ID` varchar(32) DEFAULT NULL COMMENT '创建者',
  `CREATE_TIME` date DEFAULT NULL COMMENT '创建日期',
  `MENDER_ID` varchar(32) DEFAULT NULL COMMENT '修改者',
  `MODIFY_TIME` date DEFAULT NULL COMMENT '修改日期',
  `PLAN_START_TIME` date DEFAULT NULL COMMENT '计划开始日期',
  `PLAN_END_TIME` date DEFAULT NULL COMMENT '计划结束日期',
  `ACTUAL_START_TIME` date DEFAULT NULL COMMENT '实际开始日期',
  `ACTUAL_END_TIME` date DEFAULT NULL COMMENT '实际结束日期',
  `SYSTEM_TEST_MANAGER_ID` varchar(32) DEFAULT NULL COMMENT '系统测试经理Id',
  `SYSTEM_DEV_MANAGER_ID` varchar(32) DEFAULT NULL COMMENT '系统开发经理Id',
  `CHANGE_HISTORY` varchar(5000) DEFAULT NULL COMMENT '修改历史记录',
  PRIMARY KEY (`SYSTEM_ID`)
) ENGINE=InnoDB DEFAULT CHARSET=utf8mb4 COLLATE=utf8mb4_0900_ai_ci;

/*Data for the table `t_test_system` */

insert  into `t_test_system`(`SYSTEM_ID`,`SYSTEM_NAME`,`ORG_ID`,`SYSTEM_TYPE`,`SYSTEM_STAGE`,`IS_USE`,`SYSTEM_DESCRIPTION`,`CREATOR_ID`,`CREATE_TIME`,`MENDER_ID`,`MODIFY_TIME`,`PLAN_START_TIME`,`PLAN_END_TIME`,`ACTUAL_START_TIME`,`ACTUAL_END_TIME`,`SYSTEM_TEST_MANAGER_ID`,`SYSTEM_DEV_MANAGER_ID`,`CHANGE_HISTORY`) values 
('sys-001','移动办公系统','10000101','1','2','1','',NULL,'2025-09-14',NULL,'2025-09-14','2025-09-01','2026-09-16','2025-09-16','2025-09-25','lili','baiyang',''),
('sys-002','新资金系统','10000102','1','1','1','',NULL,'2025-09-14',NULL,'2025-09-14','2025-10-01','2026-04-30',NULL,NULL,'jianghe','libo','');

/*Table structure for table `t_test_system_user` */

DROP TABLE IF EXISTS `t_test_system_user`;

CREATE TABLE `t_test_system_user` (
  `SYSTEM_USER_ID` int NOT NULL AUTO_INCREMENT,
  `USER_ID` varchar(30) CHARACTER SET utf8mb4 COLLATE utf8mb4_0900_ai_ci DEFAULT NULL,
  `SYSTEM_ID` varchar(32) DEFAULT NULL,
  PRIMARY KEY (`SYSTEM_USER_ID`),
  KEY `I_SYSTEM_ID` (`SYSTEM_ID`)
) ENGINE=InnoDB AUTO_INCREMENT=6 DEFAULT CHARSET=utf8mb4 COLLATE=utf8mb4_0900_ai_ci;

/*Data for the table `t_test_system_user` */

insert  into `t_test_system_user`(`SYSTEM_USER_ID`,`USER_ID`,`SYSTEM_ID`) values 
(1,'lili','sys-001'),
(2,'baiyang','sys-001'),
(3,'jianghe','sys-002'),
(4,'libo','sys-002'),
(5,'2','sys-002');
